{"text": " of it, don't, not act absolutely.", "segments": [{"id": 0, "seek": 0, "start": 0.0, "end": 3.24, "text": " of it, don't, not act absolutely.", "tokens": [50363, 286, 340, 11, 836, 470, 11, 407, 719, 5543, 13, 50525], "temperature": 0.0, "avg_logprob": -0.7016019821166992, "compression_ratio": 0.868421052631579, "no_speech_prob": 0.2419579029083252}], "language": "English"}