{"text": " Well, is it working? Let's see, I don't see anything on the screen.", "segments": [{"id": 0, "seek": 0, "start": 0.0, "end": 3.2800000000000002, "text": " Well, is it working?", "tokens": [50364, 1042, 11, 307, 309, 1364, 30, 50528], "temperature": 0.0, "avg_logprob": -0.3565996090571086, "compression_ratio": 0.9436619718309859, "no_speech_prob": 0.023363349959254265}, {"id": 1, "seek": 0, "start": 3.2800000000000002, "end": 5.5200000000000005, "text": " Let's see, I don't see anything on the screen.", "tokens": [50528, 961, 311, 536, 11, 286, 500, 380, 536, 1340, 322, 264, 2568, 13, 50640], "temperature": 0.0, "avg_logprob": -0.3565996090571086, "compression_ratio": 0.9436619718309859, "no_speech_prob": 0.023363349959254265}], "language": "English"}