{"text": " I can take it a long time, but...", "segments": [{"id": 0, "seek": 0, "start": 0.0, "end": 2.5, "text": " I can take it a long time, but...", "tokens": [50364, 286, 393, 747, 309, 257, 938, 565, 11, 457, 485, 50489], "temperature": 0.0, "avg_logprob": -0.4917634450472318, "compression_ratio": 0.8048780487804879, "no_speech_prob": 0.04244030639529228}], "language": "English"}