{"text": " Now.", "segments": [{"id": 0, "seek": 0, "start": 0.0, "end": 2.68, "text": " Now.", "tokens": [50363, 2735, 13, 50497], "temperature": 1.0, "avg_logprob": -2.1499540328979494, "compression_ratio": 0.3333333333333333, "no_speech_prob": 0.39249902963638306}], "language": "English"}