{"text": " of chat assistant embeddings converts texts to vector data that can be used in tasks like semantic searching and the latest text speech can be spoken like that. But it's built in NUCST. I'll just go.", "segments": [{"id": 0, "seek": 0, "start": 0.0, "end": 6.36, "text": " of chat assistant embeddings converts texts to vector data that can be used in tasks like", "tokens": [50363, 286, 8537, 8796, 11525, 67, 654, 26161, 13399, 284, 15879, 1366, 326, 460, 307, 973, 287, 8861, 588, 50681], "temperature": 0.0, "avg_logprob": -0.5339473485946655, "compression_ratio": 1.3602941176470589, "no_speech_prob": 0.12148360908031464}, {"id": 1, "seek": 0, "start": 6.36, "end": 10.76, "text": " semantic searching and the latest text speech can be spoken like that.", "tokens": [50681, 37865, 10342, 290, 262, 3452, 2420, 4046, 460, 307, 9635, 588, 326, 13, 50901], "temperature": 0.0, "avg_logprob": -0.5339473485946655, "compression_ratio": 1.3602941176470589, "no_speech_prob": 0.12148360908031464}, {"id": 2, "seek": 0, "start": 10.76, "end": 13.76, "text": " But it's built in NUCST.", "tokens": [50901, 887, 340, 338, 3170, 287, 399, 9598, 2257, 13, 51051], "temperature": 0.0, "avg_logprob": -0.5339473485946655, "compression_ratio": 1.3602941176470589, "no_speech_prob": 0.12148360908031464}, {"id": 3, "seek": 1376, "start": 13.76, "end": 28.560000000000002, "text": " I'll just go.", "tokens": [50363, 314, 1183, 655, 467, 13, 51103], "temperature": 1.0, "avg_logprob": -1.93490469455719, "compression_ratio": 0.6190476190476191, "no_speech_prob": 0.15409083664417267}], "language": "English"}