{"text": " maybe a little bit faster.", "segments": [{"id": 0, "seek": 0, "start": 0.0, "end": 1.5, "text": " maybe a little bit faster.", "tokens": [50363, 3863, 257, 1310, 1643, 5443, 13, 50438], "temperature": 0.0, "avg_logprob": -0.6575147840711806, "compression_ratio": 0.7647058823529411, "no_speech_prob": 0.012181511148810387}], "language": "English"}