{"text": " red dot, but it's not doing anything.", "segments": [{"id": 0, "seek": 0, "start": 0.0, "end": 2.0, "text": " red dot, but it's not doing anything.", "tokens": [50364, 2182, 5893, 11, 457, 309, 311, 406, 884, 1340, 13, 50464], "temperature": 0.0, "avg_logprob": -0.44702992072472203, "compression_ratio": 0.8809523809523809, "no_speech_prob": 0.04584553465247154}], "language": "English"}