{"text": " That's it.", "segments": [{"id": 0, "seek": 0, "start": 0.0, "end": 2.0, "text": " That's it.", "tokens": [50364, 663, 311, 309, 13, 50464], "temperature": 0.0, "avg_logprob": -0.9707529885428292, "compression_ratio": 0.5555555555555556, "no_speech_prob": 0.6917574405670166}], "language": "English"}