{"text": " What I would be interested in is if it could be responsive in this amount of time.", "segments": [{"id": 0, "seek": 0, "start": 0.0, "end": 7.0, "text": " What I would be interested in is if it could be responsive in this amount of time.", "tokens": [50363, 1867, 314, 561, 307, 4609, 287, 318, 611, 340, 714, 307, 21802, 287, 428, 2033, 286, 640, 13, 50713], "temperature": 0.0, "avg_logprob": -0.3069421450297038, "compression_ratio": 1.0789473684210527, "no_speech_prob": 0.12569424510002136}], "language": "English"}