{"text": " in there.", "segments": [{"id": 0, "seek": 0, "start": 0.0, "end": 1.0, "text": " in there.", "tokens": [50363, 287, 612, 13, 50413], "temperature": 0.0, "avg_logprob": -0.9070947170257568, "compression_ratio": 0.5294117647058824, "no_speech_prob": 0.46503400802612305}], "language": "English"}