{"text": " Js, schedule management and long term memory with schedule management you can command the bot to add modified delete retrieve scheduled events All to memory.", "segments": [{"id": 0, "seek": 0, "start": 0.0, "end": 5.64, "text": " Js, schedule management and long term memory with schedule management you can", "tokens": [50363, 449, 82, 11, 7269, 4542, 290, 890, 3381, 4088, 351, 7269, 4542, 345, 460, 50645], "temperature": 0.0, "avg_logprob": -0.4719926198323568, "compression_ratio": 1.42, "no_speech_prob": 0.10752086341381073}, {"id": 1, "seek": 0, "start": 5.64, "end": 10.36, "text": " command the bot to add modified delete retrieve scheduled events", "tokens": [50645, 3141, 262, 10214, 284, 751, 9518, 12233, 19818, 7530, 2995, 50881], "temperature": 0.0, "avg_logprob": -0.4719926198323568, "compression_ratio": 1.42, "no_speech_prob": 0.10752086341381073}, {"id": 2, "seek": 1036, "start": 10.36, "end": 12.36, "text": " All to memory.", "tokens": [50363, 1439, 284, 4088, 13, 50463], "temperature": 0.0, "avg_logprob": -0.8389981133597237, "compression_ratio": 0.6363636363636364, "no_speech_prob": 0.09132418036460876}], "language": "English"}