{"text": " Okay, so we have one thing that works.", "segments": [{"id": 0, "seek": 0, "start": 0.0, "end": 4.0, "text": " Okay, so we have one thing that works.", "tokens": [50363, 16805, 11, 523, 356, 423, 530, 1517, 326, 2499, 13, 50563], "temperature": 0.0, "avg_logprob": -0.5170445442199707, "compression_ratio": 0.8636363636363636, "no_speech_prob": 0.10217993706464767}], "language": "English"}