{"text": " conversation application powered by OpenAI, Whisper using ASR, check completions in the interface.", "segments": [{"id": 0, "seek": 0, "start": 0.0, "end": 7.26, "text": " conversation application powered by OpenAI, Whisper using ASR, check", "tokens": [50363, 5273, 3586, 13232, 416, 4946, 20185, 11, 28424, 525, 1262, 7054, 49, 11, 2198, 50726], "temperature": 0.0, "avg_logprob": -0.4751101599799262, "compression_ratio": 0.9577464788732394, "no_speech_prob": 0.044219713658094406}, {"id": 1, "seek": 726, "start": 7.26, "end": 9.26, "text": " completions in the interface.", "tokens": [50363, 1224, 45240, 287, 262, 7071, 13, 50463], "temperature": 0.0, "avg_logprob": -0.768218994140625, "compression_ratio": 0.8285714285714286, "no_speech_prob": 0.05624640733003616}], "language": "English"}