{"text": " All in shit it works.", "segments": [{"id": 0, "seek": 0, "start": 0.0, "end": 2.0, "text": " All in shit it works.", "tokens": [50364, 1057, 294, 4611, 309, 1985, 13, 50464], "temperature": 0.0, "avg_logprob": -0.8488255076938205, "compression_ratio": 0.7777777777777778, "no_speech_prob": 0.09265120327472687}], "language": "English"}