{"text": " Oh no, the water's not closed yet.", "segments": [{"id": 0, "seek": 0, "start": 0.0, "end": 3.08, "text": " Oh no, the water's not closed yet.", "tokens": [50364, 876, 572, 11, 264, 1281, 311, 406, 5395, 1939, 13, 50518], "temperature": 1.0, "avg_logprob": -2.8665701059194713, "compression_ratio": 0.85, "no_speech_prob": 0.5406337976455688}], "language": "English"}