{"text": " Of course, we've been to something actually doing something so I'm looking for him.", "segments": [{"id": 0, "seek": 0, "start": 0.0, "end": 4.0, "text": " Of course, we've been to something actually doing something so I'm looking for him.", "tokens": [50364, 2720, 1164, 11, 321, 600, 668, 281, 746, 767, 884, 746, 370, 286, 478, 1237, 337, 796, 13, 50564], "temperature": 0.0, "avg_logprob": -0.7192212967645555, "compression_ratio": 1.077922077922078, "no_speech_prob": 0.04277246072888374}], "language": "English"}