{"text": " these two text API. Okay.", "segments": [{"id": 0, "seek": 0, "start": 0.0, "end": 1.92, "text": " these two text API.", "tokens": [50363, 777, 734, 2420, 7824, 13, 50459], "temperature": 0.2, "avg_logprob": -0.7624403635660807, "compression_ratio": 0.7575757575757576, "no_speech_prob": 0.1425326019525528}, {"id": 1, "seek": 0, "start": 1.92, "end": 2.7600000000000002, "text": " Okay.", "tokens": [50459, 16805, 13, 50501], "temperature": 0.2, "avg_logprob": -0.7624403635660807, "compression_ratio": 0.7575757575757576, "no_speech_prob": 0.1425326019525528}], "language": "English"}