{"text": " just going. It's, it's niggas is taking a long time.", "segments": [{"id": 0, "seek": 0, "start": 0.0, "end": 1.2, "text": " just going.", "tokens": [50363, 655, 1016, 13, 50423], "temperature": 0.0, "avg_logprob": -0.7187845056707208, "compression_ratio": 0.9285714285714286, "no_speech_prob": 0.030160225927829742}, {"id": 1, "seek": 0, "start": 1.2, "end": 5.88, "text": " It's, it's niggas is taking a long time.", "tokens": [50423, 632, 338, 11, 340, 338, 299, 6950, 292, 318, 2263, 257, 890, 640, 13, 50657], "temperature": 0.0, "avg_logprob": -0.7187845056707208, "compression_ratio": 0.9285714285714286, "no_speech_prob": 0.030160225927829742}], "language": "English"}