{"text": " Is it?", "segments": [{"id": 0, "seek": 0, "start": 0.0, "end": 1.0, "text": " Is it?", "tokens": [50364, 1119, 309, 30, 50414], "temperature": 0.0, "avg_logprob": -0.6344945430755615, "compression_ratio": 0.42857142857142855, "no_speech_prob": 0.24275703728199005}], "language": "English"}