{"text": " So this one is a speech to...", "segments": [{"id": 0, "seek": 0, "start": 0.0, "end": 3.2800000000000002, "text": " So this one is a speech to...", "tokens": [50363, 1406, 428, 530, 318, 257, 4046, 284, 986, 50527], "temperature": 0.0, "avg_logprob": -0.6153576157309792, "compression_ratio": 0.8285714285714286, "no_speech_prob": 0.07863373309373856}], "language": "English"}