{"text": " What happened?", "segments": [{"id": 0, "seek": 0, "start": 0.0, "end": 2.56, "text": " What happened?", "tokens": [50363, 1867, 3022, 30, 50491], "temperature": 1.0, "avg_logprob": -2.423784097035726, "compression_ratio": 0.6363636363636364, "no_speech_prob": 0.5377357006072998}], "language": "English"}