{"text": " We're gonna clone this one too, right? Yeah. So we did it. We did something. I don't have any space on my computer", "segments": [{"id": 0, "seek": 0, "start": 0.0, "end": 8.58, "text": " We're gonna clone this one too, right? Yeah. So we did it. We did something. I don't have any space on my computer", "tokens": [50363, 775, 821, 8066, 17271, 428, 530, 1165, 11, 826, 30, 9425, 13, 1406, 356, 750, 340, 13, 775, 750, 1223, 13, 314, 836, 470, 423, 597, 2272, 319, 616, 3644, 50792], "temperature": 0.0, "avg_logprob": -0.3468642668290572, "compression_ratio": 1.1176470588235294, "no_speech_prob": 0.11443296074867249}], "language": "English"}