{"text": " It's kind of like processing.", "segments": [{"id": 0, "seek": 0, "start": 0.0, "end": 2.0, "text": " It's kind of like processing.", "tokens": [50363, 632, 338, 1611, 286, 588, 7587, 13, 50463], "temperature": 0.0, "avg_logprob": -0.4864388942718506, "compression_ratio": 0.7837837837837838, "no_speech_prob": 0.08098575472831726}], "language": "English"}