{"text": " back what in the world so man well this is the latency we can't I mean this is obviously", "segments": [{"id": 0, "seek": 0, "start": 0.0, "end": 9.4, "text": " back what in the world so man well this is the latency we can't I mean this is obviously", "tokens": [50363, 736, 644, 287, 262, 995, 523, 582, 880, 428, 318, 262, 24812, 356, 460, 470, 314, 1612, 428, 318, 6189, 50833], "temperature": 0.0, "avg_logprob": -0.5367885672527811, "compression_ratio": 1.1428571428571428, "no_speech_prob": 0.33374929428100586}], "language": "English"}