{"text": " need to do a little bit better with this.", "segments": [{"id": 0, "seek": 0, "start": 0.0, "end": 4.5200000000000005, "text": " need to do a little bit better with this.", "tokens": [50363, 761, 284, 466, 257, 1310, 1643, 1365, 351, 428, 13, 50589], "temperature": 0.0, "avg_logprob": -0.4569288400503305, "compression_ratio": 0.8541666666666666, "no_speech_prob": 0.08915968984365463}], "language": "English"}