{"text": " Okay, so it's...", "segments": [{"id": 0, "seek": 0, "start": 0.0, "end": 1.0, "text": " Okay, so it's...", "tokens": [50363, 16805, 11, 523, 340, 338, 986, 50413], "temperature": 0.0, "avg_logprob": -0.5430278778076172, "compression_ratio": 0.6666666666666666, "no_speech_prob": 0.07429579645395279}], "language": "English"}